"year","sexage","cause","deaths"
"82",104,40,1
"82",106,30,1
"83",109,14,1
"79",110,18,1
"79",111,21,1
"85",111,20,2
"90",111,20,2
"81",112,21,1
"85",112,41,3
"89",112,36,2
"79",113,41,2
"83",113,27,1
"90",113,35,1
"80",114,24,1
"84",114,14,9
"87",114,27,1
"90",114,36,3
"80",115,17,5
"83",115,34,10
"86",115,42,2
"89",115,41,3
"92",115,40,5
"82",116,14,8
"91",116,40,4
"81",117,21,3
"88",117,23,5
"91",117,23,2
"85",118,18,2
"88",118,41,1
"92",118,34,15
"87",119,30,1
"83",207,33,1
"79",209,25,1
"88",209,22,1
"82",210,20,2
"82",210,25,2
"82",210,29,2
"82",210,43,1
"82",210,44,1
"83",210,14,2
"83",210,21,1
"83",210,25,1
"83",210,29,7
"83",210,33,1
"83",210,44,1
"84",210,14,1
"84",210,18,1
"84",210,23,1
"84",210,25,2
"84",210,29,2
"88",209,23,1
"88",209,29,4
"88",209,32,1
"88",209,37,2
"88",209,41,1
"89",209,20,2
"89",209,27,1
"89",209,32,2
"90",209,14,1
"90",209,16,1
"90",209,29,2
"90",209,33,1
"91",209,29,5
"91",209,33,1
"91",209,37,1
"92",209,18,1
"92",209,29,6
"92",209,32,2
"92",209,43,1
"79",210,14,1
"79",210,18,2
"79",210,20,1
"79",210,29,13
"79",210,32,2
"79",210,44,2
"80",210,15,1
"80",210,29,3
"80",210,32,1
"80",210,33,1
"80",210,35,1
"80",210,40,1
"81",210,25,2
"81",210,29,4
"81",210,32,1
"81",210,33,1
"81",210,40,1
"81",210,41,1
"82",210,14,1
"84",210,32,2
"82",211,29,7
"82",211,32,2
"82",211,33,1
"82",211,36,1
"82",211,37,1
"82",211,39,1
"82",211,40,1
"83",211,14,1
"83",211,18,1
"83",211,20,1
"83",211,22,2
"83",211,25,3
"83",211,27,1
"83",211,29,5
"83",211,31,1
"83",211,32,2
"83",211,33,1
"83",211,35,1
"83",211,37,2
"83",211,39,1
"83",211,44,1
"84",211,14,1
"84",211,17,1
"84",211,18,3
"84",211,20,1
"84",211,22,1
"84",211,29,6
"84",211,31,1
"84",211,33,2
"84",211,36,1
"84",211,44,1
"85",211,14,2
"85",211,17,1
"85",211,20,2
"85",211,22,1
"85",211,25,3
"85",211,29,2
"85",211,32,2
"85",211,33,2
"85",211,36,1
"85",211,40,1
"85",211,43,3
"86",211,18,1
"86",211,21,1
"86",211,23,1
"86",211,25,1
"86",211,29,12
"86",211,31,1
"86",211,32,1
"86",211,33,1
"86",211,44,1
"87",211,18,3
"87",211,20,1
"87",211,25,2
"87",211,27,1
"87",211,29,7
"87",211,32,1
"87",211,33,1
"87",211,36,1
"87",211,40,1
"87",211,44,1
"88",211,17,1
"88",211,20,1
"88",211,25,3
"88",211,29,7
"88",211,33,2
"88",211,38,1
"88",211,40,1
"88",211,43,1
"89",211,14,2
"89",211,15,2
"89",211,23,1
"89",211,29,6
"89",211,32,1
"89",211,33,2
"89",211,37,1
"89",211,40,1
"89",211,43,1
"90",211,23,1
"90",211,25,2
"90",211,27,1
"90",211,29,10
"90",211,32,2
"90",211,33,3
"91",211,25,2
"91",211,29,10
"91",211,32,3
"91",211,36,2
"91",211,37,1
"91",211,40,1
"91",211,41,2
"91",211,43,1
"91",211,44,1
"92",211,14,3
"92",211,15,1
"92",211,16,1
"92",211,20,1
"92",211,21,2
"92",211,23,1
"92",211,25,3
"92",211,29,6
"92",211,33,1
"92",211,37,1
"92",211,40,2
"92",211,41,1
"79",212,15,2
"79",212,16,1
"79",212,20,1
"79",212,21,1
"79",212,25,6
"79",212,29,13
"79",212,31,1
"79",212,33,5
"79",212,36,1
"79",212,37,1
"80",212,14,2
"80",212,21,1
"80",212,23,2
"80",212,25,3
"80",212,27,2
"80",212,29,6
"80",212,31,1
"80",212,32,1
"80",212,33,4
"80",212,37,3
"80",212,44,1
"81",212,17,1
"81",212,18,3
"81",212,20,2
"81",212,25,3
"81",212,29,7
"81",212,32,2
"81",212,33,3
"81",212,37,2
"81",212,39,1
"82",212,14,3
"82",212,23,1
"82",212,27,2
"82",212,29,15
"82",212,32,2
"82",212,33,2
"82",212,35,2
"82",212,41,1
"82",212,43,1
"82",212,44,1
"83",212,16,1
"83",212,17,1
"83",212,20,5
"83",212,21,1
"83",212,23,1
"83",212,25,3
"83",212,29,10
"83",212,31,1
"83",212,33,1
"83",212,37,1
"83",212,40,3
"83",212,41,1
"84",212,14,2
"84",212,17,1
"84",212,21,1
"84",212,22,2
"84",212,25,3
"84",212,29,17
"84",212,33,1
"84",212,37,1
"84",212,43,1
"85",212,14,1
"85",212,18,2
"85",212,20,1
"85",212,21,1
"85",212,23,2
"85",212,25,5
"85",212,27,1
"85",212,29,7
"85",212,32,4
"85",212,33,2
"85",212,43,2
"86",212,14,1
"86",212,23,4
"86",212,25,2
"86",212,27,1
"86",212,29,16
"86",212,31,1
"86",212,32,2
"86",212,33,2
"86",212,35,3
"86",212,36,1
"86",212,37,2
"86",212,43,1
"86",212,44,1
"87",212,14,1
"87",212,15,1
"87",212,18,2
"87",212,20,3
"87",212,21,2
"87",212,22,1
"87",212,23,1
"87",212,25,5
"87",212,29,6
"87",212,31,1
"87",212,32,1
"87",212,33,3
"87",212,36,1
"87",212,37,2
"87",212,40,2
"87",212,44,1
"88",212,20,1
"88",212,21,1
"88",212,23,1
"88",212,25,2
"88",212,29,14
"88",212,31,2
"88",212,32,1
"88",212,33,2
"88",212,37,1
"88",212,40,2
"88",212,41,2
"88",212,44,1
"89",212,14,1
"89",212,20,1
"89",212,21,1
"89",212,23,1
"89",212,25,4
"89",212,29,9
"89",212,32,1
"89",212,33,1
"89",212,36,3
"89",212,43,2
"90",212,21,1
"90",212,25,2
"90",212,27,1
"90",212,29,8
"90",212,31,1
"90",212,32,1
"90",212,33,3
"90",212,37,2
"90",212,40,2
"91",210,14,1
"91",210,23,1
"91",210,25,1
"91",210,29,6
"91",210,35,1
"91",210,37,1
"91",210,43,1
"92",210,18,2
"92",210,20,1
"92",210,25,3
"92",210,29,4
"92",210,32,3
"92",210,35,1
"92",210,37,1
"79",211,14,1
"79",211,20,1
"79",211,25,2
"79",211,29,10
"79",211,32,2
"79",211,33,2
"80",211,14,2
"80",211,18,1
"80",211,20,3
"80",211,21,2
"80",211,25,1
"80",211,29,7
"80",211,31,1
"80",211,33,1
"80",211,37,2
"81",211,15,1
"81",211,18,1
"81",211,20,3
"81",211,21,1
"81",211,22,2
"81",211,24,1
"81",211,25,3
"81",211,27,2
"81",211,29,6
"81",211,32,1
"81",211,33,5
"81",211,37,1
"81",211,41,2
"82",211,18,1
"82",211,23,2
"82",211,25,3
"84",210,43,1
"85",210,14,2
"85",210,23,1
"85",210,29,2
"85",210,33,2
"86",210,14,1
"86",210,20,1
"86",210,23,1
"86",210,25,3
"86",210,29,4
"86",210,32,1
"86",210,37,1
"87",210,21,1
"87",210,25,1
"87",210,27,1
"87",210,29,5
"87",210,32,1
"87",210,33,1
"87",210,36,1
"87",210,40,1
"88",210,14,1
"88",210,20,2
"88",210,29,2
"88",210,32,2
"88",210,40,2
"88",210,44,1
"89",210,20,1
"89",210,22,1
"89",210,25,1
"89",210,27,1
"89",210,29,3
"89",210,32,2
"89",210,33,2
"89",210,37,1
"90",210,14,2
"90",210,17,1
"90",210,18,1
"90",210,20,2
"90",210,25,2
"90",210,29,5
"90",210,32,4
"90",210,36,1
"81",117,23,2
"81",117,24,2
"81",117,25,39
"81",117,34,11
"81",117,35,6
"81",117,36,3
"81",117,38,1
"81",117,40,1
"81",117,42,1
"81",117,43,2
"82",117,14,6
"82",117,17,3
"82",117,18,8
"82",117,19,1
"82",117,20,6
"82",117,21,2
"82",117,23,5
"82",117,24,1
"82",117,25,35
"82",117,30,1
"82",117,34,7
"82",117,35,3
"82",117,40,2
"82",117,41,1
"82",117,42,2
"82",117,43,1
"82",117,44,3
"83",117,14,3
"83",117,17,4
"83",117,18,7
"83",117,20,7
"83",117,21,7
"83",117,23,5
"83",117,25,35
"83",117,27,1
"83",117,28,1
"83",117,34,13
"83",117,35,6
"83",117,36,3
"83",117,41,2
"83",117,44,1
"84",117,14,9
"84",117,17,3
"84",117,18,12
"84",117,20,7
"84",117,21,5
"84",117,22,3
"84",117,23,4
"84",117,24,1
"84",117,25,29
"84",117,34,11
"84",117,35,5
"84",117,36,1
"84",117,41,2
"84",117,42,1
"84",117,43,1
"84",117,44,3
"85",117,14,8
"85",117,16,1
"85",117,18,3
"85",117,20,4
"85",117,21,2
"85",117,22,1
"85",117,23,3
"85",117,25,28
"85",117,28,1
"85",117,30,1
"85",117,34,17
"85",117,35,4
"85",117,36,4
"85",117,37,2
"85",117,41,2
"85",117,44,3
"86",117,14,12
"86",117,15,3
"86",117,16,2
"86",117,17,2
"86",117,18,8
"86",117,20,7
"86",117,21,6
"86",117,22,1
"86",117,23,1
"86",117,25,36
"86",117,27,2
"86",117,34,22
"86",117,35,7
"86",117,37,1
"86",117,40,2
"86",117,42,1
"87",117,14,10
"87",117,17,3
"87",117,18,12
"87",117,20,4
"87",117,21,4
"87",117,22,3
"87",117,23,4
"87",117,24,3
"87",117,25,38
"87",117,27,1
"87",117,28,1
"87",117,34,17
"87",117,35,10
"87",117,37,2
"87",117,40,2
"87",117,44,2
"88",117,14,11
"88",117,15,3
"88",117,17,6
"88",117,18,9
"88",117,20,4
"88",117,21,5
"88",117,22,1
"88",117,25,43
"88",117,27,1
"88",117,30,1
"88",117,34,11
"88",117,35,4
"88",117,36,1
"88",117,40,2
"88",117,41,2
"88",117,42,1
"88",117,43,2
"88",117,44,3
"89",117,14,13
"89",117,15,2
"89",117,17,3
"89",117,18,11
"89",117,20,10
"89",117,21,4
"89",117,22,2
"89",117,23,3
"89",117,24,1
"89",117,25,42
"89",117,28,2
"89",117,30,1
"89",117,34,20
"89",117,35,3
"89",117,36,2
"89",117,37,1
"89",117,40,1
"89",117,41,2
"89",117,42,5
"90",117,14,13
"90",117,15,1
"90",117,16,1
"90",117,17,1
"90",117,18,11
"90",117,19,1
"90",117,20,12
"90",117,21,3
"90",117,22,2
"90",117,23,3
"90",117,24,1
"90",117,25,41
"90",117,27,2
"90",117,28,2
"90",117,34,25
"90",117,35,6
"90",117,36,1
"90",117,37,1
"90",117,40,3
"90",117,41,1
"90",117,42,2
"90",117,44,1
"91",117,14,7
"91",117,15,1
"91",117,17,2
"91",117,18,5
"91",117,20,6
"91",117,21,4
"91",117,24,1
"91",117,25,33
"91",117,34,14
"91",117,35,6
"91",117,36,2
"91",117,37,3
"91",117,40,4
"91",117,41,3
"91",117,44,1
"92",117,14,9
"92",117,17,5
"92",117,18,8
"92",117,20,6
"92",117,21,3
"92",117,22,1
"92",117,23,3
"92",117,24,2
"92",117,25,27
"92",117,34,14
"92",117,35,7
"92",117,36,1
"92",117,40,3
"92",117,41,2
"79",118,14,2
"79",118,17,4
"79",118,18,10
"79",118,20,5
"79",118,21,3
"79",118,22,1
"79",118,23,2
"79",118,25,14
"79",118,34,7
"79",118,35,1
"79",118,36,1
"79",118,39,1
"79",118,40,1
"79",118,43,1
"80",118,14,3
"80",118,18,7
"80",118,20,5
"80",118,21,1
"80",118,22,2
"80",118,23,2
"80",118,24,1
"80",118,25,15
"80",118,34,5
"80",118,35,3
"80",118,41,1
"80",118,42,1
"81",118,14,4
"81",118,17,2
"81",118,18,6
"81",118,20,5
"81",118,21,1
"81",118,25,20
"81",118,34,5
"81",118,35,2
"81",118,40,2
"81",118,41,1
"81",118,42,3
"81",118,43,1
"82",118,14,1
"82",118,17,3
"82",118,18,8
"82",118,20,2
"82",118,21,1
"82",118,23,3
"82",118,25,17
"82",118,28,2
"82",118,34,15
"82",118,35,4
"82",118,36,2
"82",118,44,1
"83",118,14,3
"83",118,15,1
"83",118,17,2
"83",118,18,3
"83",118,20,4
"83",118,21,1
"83",118,23,1
"83",118,25,11
"83",118,28,1
"83",118,34,6
"83",118,35,3
"83",118,40,1
"84",118,14,7
"84",118,15,1
"84",118,17,2
"84",118,18,2
"84",118,20,4
"84",118,21,6
"84",118,23,1
"84",118,24,2
"84",118,25,21
"84",118,27,1
"84",118,34,12
"84",118,35,2
"84",118,36,1
"84",118,40,1
"84",118,43,1
"85",118,14,1
"85",118,17,3
"85",118,20,5
"85",118,21,1
"85",118,22,1
"85",118,23,4
"85",118,25,25
"85",118,34,8
"85",118,35,3
"85",118,36,2
"85",118,42,2
"85",118,44,1
"86",118,14,6
"86",118,15,1
"86",118,17,1
"86",118,18,5
"86",118,20,1
"86",118,21,2
"86",118,23,1
"86",118,24,1
"86",118,25,16
"86",118,34,10
"86",118,35,5
"86",118,40,1
"86",118,41,1
"86",118,42,2
"87",118,14,6
"87",118,15,1
"87",118,16,1
"87",118,17,1
"87",118,18,11
"87",118,20,2
"87",118,21,6
"87",118,23,4
"87",118,24,1
"87",118,25,27
"87",118,27,1
"87",118,34,10
"87",118,35,5
"87",118,37,1
"87",118,40,2
"87",118,43,2
"87",118,44,2
"88",118,14,5
"88",118,15,1
"88",118,17,2
"88",118,18,9
"88",118,20,3
"88",118,21,4
"88",118,23,4
"88",118,25,17
"88",118,34,17
"88",118,35,4
"88",118,36,1
"88",118,40,1
"88",118,42,2
"89",118,14,14
"89",118,15,2
"89",118,17,1
"89",118,18,5
"89",118,20,3
"89",118,21,2
"89",118,22,3
"89",118,23,2
"89",118,25,24
"89",118,34,17
"89",118,35,6
"89",118,41,1
"89",118,42,3
"89",118,44,1
"90",118,14,13
"90",118,17,3
"90",118,18,8
"90",118,20,8
"90",118,21,2
"90",118,22,1
"90",118,23,3
"90",118,24,1
"90",118,25,22
"90",118,34,22
"90",118,35,4
"90",118,36,1
"90",118,37,1
"90",118,40,3
"90",118,41,1
"90",118,42,1
"90",118,44,1
"91",118,14,12
"91",118,15,1
"91",118,18,3
"91",118,20,5
"91",118,21,3
"91",118,23,4
"91",118,24,1
"91",118,25,19
"91",118,34,19
"91",118,35,7
"91",118,36,2
"91",118,37,1
"91",118,42,2
"92",118,14,10
"92",118,15,2
"92",118,16,2
"92",118,17,1
"92",118,18,6
"92",118,20,11
"92",118,21,5
"92",118,23,2
"92",118,25,24
"92",118,35,9
"92",118,40,3
"92",118,42,1
"92",118,43,1
"79",119,15,1
"79",119,17,1
"79",119,20,2
"79",119,21,3
"79",119,23,2
"79",119,25,7
"79",119,28,1
"79",119,34,5
"80",119,14,1
"80",119,17,1
"80",119,18,2
"80",119,20,4
"80",119,21,2
"80",119,22,1
"80",119,25,8
"80",119,28,1
"80",119,30,1
"80",119,34,5
"80",119,35,3
"80",119,44,1
"81",119,14,1
"81",119,17,2
"81",119,18,4
"81",119,21,1
"81",119,22,3
"81",119,23,3
"81",119,25,7
"81",119,34,10
"81",119,35,1
"81",119,41,1
"82",119,17,1
"82",119,18,3
"82",119,20,4
"82",119,21,2
"82",119,22,1
"82",119,24,1
"82",119,25,5
"82",119,28,1
"82",119,34,6
"82",119,35,2
"82",119,42,1
"83",119,14,1
"83",119,16,1
"83",119,17,3
"83",119,18,1
"83",119,20,2
"83",119,21,1
"83",119,23,3
"83",119,24,1
"83",119,25,11
"83",119,34,6
"83",119,35,4
"83",119,36,1
"83",119,40,1
"83",119,43,1
"84",119,14,4
"84",119,20,4
"84",119,21,3
"84",119,22,1
"84",119,25,6
"84",119,27,1
"84",119,34,6
"84",119,36,2
"84",119,40,1
"84",119,44,2
"85",119,14,4
"85",119,15,1
"85",119,17,1
"85",119,18,4
"85",119,20,2
"85",119,21,1
"85",119,25,9
"85",119,28,1
"85",119,34,9
"85",119,35,2
"85",119,36,2
"85",119,42,2
"85",119,43,1
"86",119,14,4
"86",119,17,3
"86",119,18,3
"86",119,20,2
"86",119,22,2
"86",119,25,8
"86",119,30,1
"86",119,34,9
"86",119,35,2
"87",119,14,2
"87",119,15,1
"87",119,17,1
"87",119,18,6
"87",119,20,5
"87",119,21,4
"87",119,23,3
"87",119,24,1
"87",119,25,12
"87",119,34,12
"87",119,36,2
"87",119,39,1
"87",119,40,1
"87",119,41,1
"87",119,42,1
"87",119,44,1
"88",119,14,3
"88",119,16,1
"88",119,17,2
"88",119,18,4
"88",119,20,1
"88",119,21,2
"88",119,22,1
"88",119,24,1
"88",119,25,10
"88",119,27,1
"88",119,28,3
"88",119,34,4
"88",119,35,3
"88",119,36,1
"88",119,41,1
"88",119,42,1
"88",119,43,1
"89",119,14,8
"89",119,18,1
"89",119,20,3
"89",119,21,1
"89",119,23,2
"89",119,25,9
"89",119,28,1
"89",119,34,10
"89",119,36,2
"89",119,41,1
"89",119,42,1
"89",119,43,1
"90",119,14,3
"90",119,15,1
"90",119,18,10
"90",119,20,6
"90",119,21,2
"90",119,22,2
"90",119,23,2
"90",119,25,12
"90",119,27,1
"90",119,28,1
"90",119,34,12
"90",119,35,3
"90",119,41,1
"90",119,43,2
"90",119,44,1
"91",119,14,4
"91",119,17,1
"91",119,18,4
"91",119,20,6
"91",119,21,5
"91",119,22,3
"91",119,23,3
"91",119,25,9
"91",119,34,11
"91",119,35,5
"91",119,40,2
"91",119,41,1
"91",119,42,1
"91",119,43,1
"91",119,44,2
"92",119,14,7
"92",119,15,1
"92",119,17,1
"92",119,18,5
"92",119,20,3
"92",119,21,3
"92",119,22,1
"92",119,23,1
"92",119,24,1
"92",119,25,14
"92",119,34,16
"92",119,35,1
"92",119,36,1
"92",119,37,1
"92",119,40,4
"92",119,44,1
"80",201,44,1
"91",201,43,1
"82",202,14,1
"83",202,42,1
"87",202,37,1
"88",202,14,1
"79",203,37,2
"81",203,39,1
"82",203,37,1
"82",203,42,1
"84",203,42,1
"86",203,42,1
"89",203,42,1
"90",203,22,1
"92",203,37,1
"79",204,42,1
"81",204,42,1
"82",204,14,1
"84",204,40,1
"87",204,44,1
"91",204,37,1
"91",204,40,1
"79",205,37,1
"80",205,14,1
"82",205,42,1
"83",205,14,2
"83",205,37,1
"86",205,42,1
"87",205,37,1
"87",205,43,1
"88",205,42,1
"89",205,37,1
"90",205,14,1
"91",205,43,1
"92",205,39,1
"79",206,37,1
"80",206,30,1
"80",206,42,1
"81",206,22,1
"81",206,37,1
"81",206,39,1
"84",206,32,1
"85",206,43,1
"87",206,14,1
"87",206,15,1
"87",206,39,1
"88",206,23,1
"88",206,33,1
"88",206,42,1
"88",206,43,1
"91",206,37,1
"91",206,43,1
"92",206,29,1
"79",207,38,1
"79",207,44,1
"81",207,33,1
"81",207,43,1
"82",207,23,1
"82",207,25,1
"82",207,37,2
"82",207,39,1
"83",207,32,1
"83",207,42,1
"84",207,29,1
"84",207,40,1
"85",207,29,1
"85",207,42,1
"86",207,14,1
"86",207,16,1
"86",207,18,1
"86",207,33,1
"87",207,32,2
"89",207,37,1
"90",207,14,2
"90",207,32,1
"90",207,36,1
"90",207,37,1
"91",207,40,1
"92",207,33,1
"92",207,39,1
"79",208,27,2
"79",208,33,1
"80",208,22,1
"80",208,27,1
"80",208,32,3
"80",208,33,1
"80",208,37,1
"80",208,42,2
"81",208,14,1
"81",208,15,1
"81",208,27,1
"81",208,29,2
"81",208,39,1
"82",208,29,2
"82",208,33,1
"83",208,27,1
"83",208,29,1
"83",208,32,1
"83",208,43,1
"84",208,31,1
"84",208,33,1
"85",208,27,1
"85",208,29,3
"85",208,32,2
"85",208,37,1
"86",208,33,1
"87",208,29,1
"87",208,32,1
"87",208,37,1
"87",208,44,1
"88",208,16,1
"88",208,27,1
"88",208,32,1
"88",208,33,1
"89",208,18,1
"89",208,29,2
"89",208,32,1
"89",208,37,1
"90",208,29,2
"91",208,22,1
"91",208,29,1
"91",208,31,1
"91",208,32,2
"92",208,29,1
"92",208,37,1
"92",208,39,1
"79",209,20,1
"79",209,23,1
"79",209,29,1
"79",209,32,2
"79",209,33,1
"79",209,37,1
"80",209,22,1
"80",209,29,1
"80",209,33,1
"80",209,36,1
"81",209,25,1
"81",209,29,1
"81",209,32,1
"81",209,37,1
"81",209,43,1
"82",209,32,3
"82",209,33,1
"82",209,43,1
"83",209,14,1
"83",209,21,2
"83",209,27,1
"83",209,29,1
"84",209,20,1
"85",209,27,1
"85",209,29,5
"85",209,32,1
"85",209,36,1
"85",209,37,1
"86",209,14,1
"86",209,18,1
"86",209,20,1
"86",209,29,3
"86",209,32,3
"86",209,33,1
"86",209,36,1
"87",209,14,1
"87",209,25,1
"87",209,29,3
"87",209,37,2
"87",209,44,1
"83",113,34,3
"83",113,35,3
"83",113,37,1
"83",113,40,1
"83",113,41,2
"83",113,42,2
"83",113,43,1
"84",113,14,5
"84",113,15,2
"84",113,17,2
"84",113,18,2
"84",113,20,4
"84",113,21,2
"84",113,23,3
"84",113,24,1
"84",113,25,19
"84",113,27,2
"84",113,34,1
"84",113,35,5
"84",113,36,1
"84",113,37,1
"84",113,39,1
"84",113,40,1
"84",113,42,1
"84",113,44,1
"85",113,14,3
"85",113,15,1
"85",113,16,1
"85",113,18,2
"85",113,20,1
"85",113,21,4
"85",113,23,4
"85",113,24,1
"85",113,25,18
"85",113,34,1
"85",113,35,3
"85",113,36,2
"85",113,37,1
"85",113,40,3
"86",113,14,5
"86",113,15,2
"86",113,16,1
"86",113,17,1
"86",113,18,4
"86",113,20,3
"86",113,21,1
"86",113,22,1
"86",113,23,3
"86",113,24,1
"86",113,25,14
"86",113,34,1
"86",113,37,1
"86",113,39,1
"86",113,40,3
"86",113,43,1
"87",113,14,6
"87",113,15,1
"87",113,17,1
"87",113,18,3
"87",113,21,3
"87",113,22,4
"87",113,23,1
"87",113,25,16
"87",113,34,2
"87",113,36,2
"87",113,37,1
"87",113,40,2
"87",113,41,2
"87",113,43,1
"88",113,14,3
"88",113,16,1
"88",113,17,2
"88",113,18,7
"88",113,20,4
"88",113,21,2
"88",113,22,1
"88",113,23,1
"88",113,24,1
"88",113,25,10
"88",113,27,1
"88",113,34,1
"88",113,35,3
"88",113,36,1
"88",113,37,4
"88",113,40,1
"88",113,41,2
"89",113,14,3
"89",113,15,2
"89",113,18,1
"89",113,20,3
"89",113,21,2
"89",113,22,1
"89",113,23,3
"89",113,25,19
"89",113,34,2
"89",113,35,1
"89",113,36,5
"89",113,37,3
"89",113,40,1
"89",113,43,1
"90",113,14,6
"90",113,17,1
"90",113,18,3
"90",113,20,4
"90",113,21,2
"90",113,22,1
"90",113,23,1
"90",113,25,18
"90",113,36,1
"90",113,37,2
"90",113,40,1
"91",113,14,5
"91",113,15,1
"91",113,17,3
"91",113,18,4
"91",113,20,3
"91",113,21,2
"91",113,22,3
"91",113,25,13
"91",113,34,1
"91",113,35,2
"91",113,36,2
"91",113,37,5
"91",113,40,1
"91",113,41,3
"91",113,44,1
"92",113,14,3
"92",113,15,1
"92",113,18,4
"92",113,20,3
"92",113,22,2
"92",113,23,5
"92",113,25,11
"92",113,34,2
"92",113,36,3
"92",113,37,1
"92",113,40,2
"92",113,42,1
"92",113,44,1
"79",114,14,8
"79",114,16,1
"79",114,17,4
"79",114,18,4
"79",114,20,3
"79",114,21,5
"79",114,22,3
"79",114,23,1
"79",114,24,1
"79",114,25,28
"79",114,30,1
"79",114,34,2
"79",114,36,1
"79",114,41,1
"79",114,42,1
"79",114,43,1
"80",114,14,3
"80",114,15,2
"80",114,17,1
"80",114,18,2
"80",114,19,1
"80",114,20,5
"80",114,21,2
"80",114,22,1
"80",114,23,4
"80",114,25,28
"80",114,35,1
"80",114,37,2
"80",114,39,1
"80",114,40,2
"80",114,41,1
"80",114,44,1
"81",114,14,2
"81",114,16,1
"81",114,17,3
"81",114,18,4
"81",114,20,4
"81",114,21,2
"81",114,22,1
"81",114,25,24
"81",114,27,2
"81",114,34,2
"81",114,35,2
"81",114,36,4
"81",114,37,1
"81",114,38,1
"81",114,41,1
"82",114,14,4
"82",114,17,5
"82",114,18,4
"82",114,20,6
"82",114,21,1
"82",114,23,4
"82",114,25,30
"82",114,34,3
"82",114,35,3
"82",114,36,2
"82",114,37,2
"82",114,40,3
"82",114,41,3
"82",114,42,2
"83",114,14,5
"83",114,15,2
"83",114,16,1
"83",114,18,5
"83",114,20,8
"83",114,21,3
"83",114,22,1
"83",114,23,3
"83",114,25,28
"83",114,28,2
"83",114,34,3
"83",114,35,1
"83",114,36,1
"83",114,37,1
"83",114,40,1
"83",114,41,2
"83",114,43,1
"83",114,44,1
"84",114,16,1
"84",114,17,1
"84",114,18,3
"84",114,19,1
"84",114,20,7
"84",114,21,5
"84",114,22,1
"84",114,23,4
"84",114,25,47
"84",114,34,3
"84",114,35,4
"84",114,36,2
"84",114,37,2
"84",114,40,1
"84",114,41,2
"84",114,44,1
"85",114,14,3
"85",114,17,3
"85",114,18,6
"85",114,20,3
"85",114,21,3
"85",114,22,2
"85",114,23,2
"85",114,25,21
"85",114,27,2
"85",114,30,1
"85",114,34,4
"85",114,35,2
"85",114,37,5
"85",114,40,1
"85",114,41,2
"85",114,42,2
"85",114,43,1
"85",114,44,1
"86",114,14,10
"86",114,17,2
"86",114,18,9
"86",114,20,10
"86",114,21,7
"86",114,22,3
"86",114,23,3
"86",114,25,26
"86",114,28,1
"86",114,34,2
"86",114,35,2
"86",114,36,1
"86",114,37,2
"86",114,40,3
"86",114,41,2
"87",114,14,8
"87",114,17,6
"87",114,18,8
"87",114,21,4
"87",114,22,2
"87",114,23,4
"87",114,25,23
"87",114,35,6
"87",114,36,4
"87",114,37,3
"87",114,39,1
"87",114,40,1
"87",114,41,1
"87",114,42,2
"87",114,44,1
"88",114,14,2
"88",114,15,1
"88",114,16,1
"88",114,17,3
"88",114,18,10
"88",114,20,4
"88",114,21,2
"88",114,22,4
"88",114,23,1
"88",114,24,2
"88",114,25,24
"88",114,27,2
"88",114,34,4
"88",114,35,2
"88",114,36,2
"88",114,37,4
"88",114,39,1
"88",114,40,3
"88",114,43,3
"88",114,44,1
"89",114,14,5
"89",114,16,1
"89",114,17,1
"89",114,18,8
"89",114,20,1
"89",114,21,6
"89",114,22,1
"89",114,24,1
"89",114,25,30
"89",114,34,5
"89",114,35,2
"89",114,36,6
"89",114,37,1
"89",114,40,1
"89",114,43,2
"89",114,44,2
"90",114,14,4
"90",114,17,5
"90",114,18,4
"90",114,20,5
"90",114,21,4
"90",114,22,1
"90",114,23,3
"90",114,24,2
"90",114,25,34
"90",114,34,2
"90",114,35,2
"90",114,37,2
"90",114,40,1
"90",114,41,2
"90",114,44,1
"91",114,14,2
"91",114,17,4
"91",114,18,2
"91",114,20,3
"91",114,21,7
"91",114,22,1
"91",114,23,3
"91",114,24,2
"91",114,25,22
"91",114,30,1
"91",114,34,4
"91",114,35,3
"91",114,40,2
"91",114,42,1
"91",114,43,1
"91",114,44,2
"92",114,14,13
"92",114,16,2
"92",114,17,8
"92",114,18,8
"92",114,20,2
"92",114,21,1
"92",114,22,2
"92",114,23,6
"92",114,25,26
"92",114,27,2
"92",114,34,7
"92",114,35,2
"92",114,36,4
"92",114,37,3
"92",114,39,1
"92",114,40,2
"79",115,14,2
"79",115,15,2
"79",115,17,3
"79",115,18,6
"79",115,20,9
"79",115,21,3
"79",115,22,2
"79",115,23,3
"79",115,25,46
"79",115,34,4
"79",115,35,5
"79",115,37,3
"79",115,38,1
"79",115,40,2
"79",115,41,2
"79",115,42,1
"79",115,43,1
"79",115,44,2
"80",115,14,7
"80",115,15,2
"80",115,18,11
"80",115,20,7
"80",115,21,3
"80",115,23,4
"80",115,24,1
"80",115,25,60
"80",115,27,1
"80",115,34,9
"80",115,35,5
"80",115,36,2
"80",115,37,2
"80",115,38,1
"80",115,40,3
"80",115,41,1
"80",115,42,1
"80",115,43,2
"81",115,14,6
"81",115,15,2
"81",115,18,8
"81",115,20,7
"81",115,21,2
"81",115,22,2
"81",115,23,2
"81",115,25,33
"81",115,34,6
"81",115,35,2
"81",115,36,1
"81",115,37,1
"81",115,40,1
"81",115,41,2
"81",115,43,1
"81",115,44,2
"82",115,14,3
"82",115,15,1
"82",115,16,1
"82",115,17,4
"82",115,18,8
"82",115,19,1
"82",115,20,9
"82",115,21,5
"82",115,22,3
"82",115,23,4
"82",115,25,42
"82",115,34,7
"82",115,35,4
"82",115,37,4
"82",115,41,2
"82",115,42,1
"82",115,44,1
"83",115,14,6
"83",115,16,1
"83",115,18,10
"83",115,19,1
"83",115,20,2
"83",115,21,4
"83",115,23,1
"83",115,24,1
"83",115,25,35
"83",115,35,3
"83",115,36,2
"83",115,37,1
"83",115,40,4
"83",115,41,1
"83",115,42,1
"83",115,43,1
"83",115,44,2
"84",115,14,7
"84",115,15,1
"84",115,16,1
"84",115,17,2
"84",115,18,5
"84",115,20,8
"84",115,21,5
"84",115,22,3
"84",115,23,4
"84",115,24,1
"84",115,25,48
"84",115,34,6
"84",115,35,4
"84",115,36,1
"84",115,37,1
"84",115,40,2
"84",115,41,1
"84",115,42,1
"85",115,14,10
"85",115,15,3
"85",115,16,1
"85",115,17,5
"85",115,18,9
"85",115,20,3
"85",115,21,3
"85",115,23,3
"85",115,25,32
"85",115,27,1
"85",115,34,11
"85",115,36,2
"85",115,40,3
"85",115,41,3
"85",115,42,1
"85",115,43,2
"86",115,14,4
"86",115,15,1
"86",115,17,4
"86",115,18,11
"86",115,20,7
"86",115,21,4
"86",115,22,2
"86",115,23,2
"86",115,25,40
"86",115,34,8
"86",115,35,3
"86",115,36,4
"86",115,37,2
"86",115,40,3
"86",115,41,1
"86",115,43,2
"87",115,14,16
"87",115,17,2
"87",115,18,8
"87",115,19,1
"87",115,20,11
"87",115,21,4
"87",115,22,3
"87",115,23,2
"87",115,24,1
"87",115,25,41
"87",115,34,14
"87",115,35,1
"87",115,36,4
"87",115,37,2
"87",115,40,1
"87",115,41,1
"87",115,43,1
"88",115,14,9
"88",115,15,1
"88",115,17,3
"88",115,18,7
"88",115,20,10
"88",115,21,1
"88",115,22,2
"88",115,23,3
"88",115,24,3
"88",115,25,39
"88",115,27,1
"88",115,28,1
"88",115,34,11
"88",115,35,6
"88",115,36,5
"88",115,37,1
"88",115,40,3
"88",115,41,2
"88",115,42,2
"88",115,43,3
"88",115,44,1
"89",115,14,14
"89",115,15,3
"89",115,16,1
"89",115,17,3
"89",115,18,8
"89",115,20,4
"89",115,21,5
"89",115,22,2
"89",115,23,4
"89",115,25,37
"89",115,28,2
"89",115,34,5
"89",115,35,7
"89",115,36,5
"89",115,37,3
"89",115,39,1
"89",115,40,1
"89",115,42,1
"89",115,43,1
"89",115,44,1
"90",115,14,7
"90",115,15,1
"90",115,16,1
"90",115,17,1
"90",115,18,6
"90",115,19,1
"90",115,20,10
"90",115,21,1
"90",115,22,1
"90",115,23,2
"90",115,25,35
"90",115,27,1
"90",115,34,8
"90",115,35,2
"90",115,36,1
"90",115,37,1
"90",115,40,2
"90",115,41,1
"90",115,42,1
"90",115,43,1
"91",115,14,5
"91",115,15,2
"91",115,17,2
"91",115,18,8
"91",115,20,5
"91",115,21,3
"91",115,22,1
"91",115,23,4
"91",115,25,35
"91",115,27,1
"91",115,34,6
"91",115,35,5
"91",115,36,3
"91",115,37,1
"91",115,39,1
"91",115,40,2
"91",115,41,2
"91",115,43,2
"92",115,14,11
"92",115,15,1
"92",115,16,1
"92",115,17,4
"92",115,18,5
"92",115,20,6
"92",115,21,1
"92",115,22,1
"92",115,23,3
"92",115,24,3
"92",115,25,41
"92",115,28,1
"92",115,34,7
"92",115,35,6
"92",115,37,4
"92",115,42,3
"92",115,44,1
"79",116,14,7
"79",116,17,1
"79",116,18,11
"79",116,20,6
"79",116,21,7
"79",116,22,1
"79",116,23,3
"79",116,25,41
"79",116,28,1
"79",116,34,6
"79",116,35,1
"79",116,36,1
"79",116,37,1
"79",116,40,2
"79",116,41,1
"79",116,42,2
"79",116,43,1
"79",116,44,1
"80",116,14,3
"80",116,16,1
"80",116,17,3
"80",116,18,9
"80",116,20,9
"80",116,21,9
"80",116,22,2
"80",116,23,8
"80",116,24,1
"80",116,25,36
"80",116,27,1
"80",116,34,10
"80",116,35,6
"80",116,36,1
"80",116,37,1
"80",116,38,1
"80",116,40,1
"80",116,43,3
"80",116,44,2
"81",116,14,10
"81",116,15,1
"81",116,17,1
"81",116,18,16
"81",116,20,6
"81",116,21,2
"81",116,22,4
"81",116,23,6
"81",116,25,48
"81",116,34,11
"81",116,35,6
"81",116,36,1
"81",116,37,1
"81",116,40,1
"81",116,41,1
"81",116,42,1
"82",116,17,3
"82",116,18,7
"82",116,20,3
"82",116,21,4
"82",116,22,3
"82",116,23,5
"82",116,24,2
"82",116,25,39
"82",116,30,1
"82",116,34,9
"82",116,35,3
"82",116,36,1
"82",116,40,1
"82",116,41,3
"82",116,42,2
"82",116,43,1
"82",116,44,1
"83",116,14,9
"83",116,15,1
"83",116,16,1
"83",116,17,1
"83",116,18,13
"83",116,20,5
"83",116,21,5
"83",116,22,1
"83",116,23,4
"83",116,24,1
"83",116,25,38
"83",116,34,15
"83",116,35,5
"83",116,36,1
"83",116,40,2
"83",116,41,1
"83",116,42,4
"84",116,14,8
"84",116,15,1
"84",116,17,3
"84",116,18,9
"84",116,20,9
"84",116,21,8
"84",116,23,5
"84",116,25,29
"84",116,34,16
"84",116,35,2
"84",116,36,2
"84",116,37,1
"84",116,38,1
"84",116,40,4
"84",116,43,2
"85",116,14,3
"85",116,17,2
"85",116,18,7
"85",116,20,10
"85",116,21,9
"85",116,22,4
"85",116,23,3
"85",116,25,45
"85",116,34,9
"85",116,35,8
"85",116,36,2
"85",116,37,2
"85",116,39,1
"85",116,40,3
"85",116,41,1
"85",116,44,1
"86",116,14,8
"86",116,16,2
"86",116,17,6
"86",116,18,11
"86",116,20,8
"86",116,21,1
"86",116,22,3
"86",116,23,2
"86",116,24,1
"86",116,25,43
"86",116,27,3
"86",116,34,19
"86",116,35,5
"86",116,36,5
"86",116,37,2
"86",116,40,2
"86",116,41,2
"86",116,43,1
"86",116,44,2
"87",116,14,13
"87",116,15,2
"87",116,16,2
"87",116,17,6
"87",116,18,13
"87",116,20,13
"87",116,21,4
"87",116,22,2
"87",116,23,4
"87",116,25,37
"87",116,34,17
"87",116,35,4
"87",116,36,2
"87",116,37,1
"87",116,39,1
"87",116,40,2
"87",116,41,2
"87",116,42,2
"87",116,43,2
"88",116,14,5
"88",116,16,1
"88",116,17,6
"88",116,18,6
"88",116,19,2
"88",116,20,11
"88",116,21,5
"88",116,22,3
"88",116,23,2
"88",116,24,1
"88",116,25,36
"88",116,27,1
"88",116,28,1
"88",116,34,9
"88",116,35,3
"88",116,36,1
"88",116,37,1
"88",116,40,3
"88",116,41,3
"88",116,43,2
"88",116,44,1
"89",116,14,6
"89",116,15,1
"89",116,16,1
"89",116,17,5
"89",116,18,14
"89",116,20,3
"89",116,21,5
"89",116,22,1
"89",116,23,4
"89",116,24,1
"89",116,25,35
"89",116,28,1
"89",116,34,4
"89",116,35,5
"89",116,37,1
"89",116,40,3
"89",116,41,2
"89",116,42,1
"89",116,43,1
"90",116,14,5
"90",116,15,1
"90",116,16,1
"90",116,17,2
"90",116,18,4
"90",116,20,9
"90",116,21,3
"90",116,22,1
"90",116,23,4
"90",116,25,40
"90",116,34,13
"90",116,35,1
"90",116,36,1
"90",116,37,2
"90",116,39,1
"90",116,41,2
"90",116,42,3
"91",116,14,8
"91",116,15,2
"91",116,16,2
"91",116,17,6
"91",116,18,12
"91",116,20,9
"91",116,21,6
"91",116,23,9
"91",116,25,38
"91",116,34,14
"91",116,35,5
"91",116,36,1
"91",116,37,2
"87",101,42,1
"79",102,42,2
"79",102,43,1
"81",102,14,1
"82",102,44,1
"83",102,42,1
"84",102,36,1
"84",102,44,1
"85",102,14,2
"86",102,43,1
"86",102,44,1
"88",102,14,1
"88",102,43,2
"90",102,14,1
"79",103,37,1
"80",103,37,1
"80",103,42,1
"81",103,44,1
"85",103,14,1
"85",103,37,3
"86",103,14,1
"89",103,14,1
"91",103,14,1
"91",103,36,1
"91",103,37,1
"92",103,35,1
"92",103,37,1
"80",104,14,1
"81",104,42,1
"82",104,14,1
"91",116,41,2
"91",116,43,2
"91",116,44,2
"92",116,14,5
"92",116,17,6
"92",116,18,4
"92",116,20,10
"92",116,21,1
"92",116,22,1
"92",116,23,1
"92",116,24,2
"92",116,25,47
"92",116,27,1
"92",116,34,19
"92",116,35,2
"92",116,37,4
"92",116,40,4
"92",116,41,2
"92",116,42,3
"92",116,43,1
"79",117,14,1
"79",117,16,1
"79",117,17,4
"79",117,18,10
"79",117,20,4
"79",117,21,4
"79",117,22,2
"79",117,23,4
"79",117,25,31
"79",117,27,1
"79",117,34,11
"79",117,35,4
"79",117,36,2
"79",117,42,1
"79",117,43,2
"80",117,14,4
"80",117,17,2
"80",117,18,6
"80",117,20,7
"80",117,21,2
"80",117,22,1
"80",117,23,4
"80",117,25,41
"80",117,34,8
"80",117,35,7
"80",117,36,3
"80",117,37,1
"80",117,40,1
"81",117,14,6
"81",117,17,1
"81",117,18,7
"81",117,20,6
"82",104,44,1
"83",104,37,1
"84",104,43,1
"85",104,40,1
"86",104,44,1
"88",104,14,1
"90",104,37,1
"91",104,14,1
"91",104,40,1
"80",105,42,1
"81",105,14,1
"81",105,37,1
"81",105,43,1
"83",105,37,1
"84",105,14,1
"84",105,39,1
"84",105,43,1
"84",105,44,1
"86",105,40,1
"88",105,14,1
"89",105,37,1
"89",105,43,1
"90",105,36,1
"90",105,37,1
"91",105,14,1
"80",106,14,2
"80",106,22,1
"80",106,30,1
"81",106,14,1
"82",106,14,1
"82",106,39,1
"83",106,15,1
"83",106,39,1
"84",106,14,1
"85",106,30,1
"86",106,14,2
"86",106,42,1
"87",106,14,1
"88",106,43,1
"89",106,14,1
"90",106,37,1
"91",106,14,1
"91",106,42,1
"92",106,14,1
"92",106,39,1
"80",107,42,1
"81",107,14,1
"82",107,18,1
"83",107,15,1
"83",107,30,1
"84",107,14,1
"84",107,21,1
"85",107,14,2
"85",107,30,1
"85",107,37,1
"85",107,42,1
"85",107,43,1
"86",107,43,1
"87",107,37,2
"87",107,43,1
"88",107,22,1
"89",107,22,1
"89",107,37,1
"89",107,42,1
"89",107,43,1
"90",107,27,1
"91",107,14,2
"92",107,18,1
"92",107,20,1
"92",107,37,1
"79",108,30,1
"79",108,39,1
"79",108,40,1
"79",108,43,1
"80",108,21,1
"80",108,37,1
"80",108,39,2
"80",108,40,1
"81",108,35,1
"82",108,14,1
"82",108,15,1
"82",108,27,1
"82",108,43,1
"83",108,14,1
"83",108,20,1
"83",108,37,1
"83",108,38,1
"83",108,43,1
"84",108,14,1
"84",108,19,1
"84",108,20,1
"84",108,37,1
"84",108,39,1
"85",108,20,1
"85",108,36,1
"85",108,37,3
"87",108,14,1
"88",108,27,2
"88",108,41,1
"89",108,18,1
"89",108,21,1
"89",108,37,1
"90",108,14,1
"90",108,43,1
"90",108,44,1
"91",108,37,1
"91",108,39,1
"91",108,43,1
"92",108,19,1
"92",108,25,1
"92",108,42,1
"79",109,14,1
"79",109,18,1
"79",109,25,2
"79",109,39,1
"79",109,40,1
"80",109,14,1
"80",109,18,1
"80",109,21,1
"80",109,30,1
"80",109,37,2
"80",109,40,1
"80",109,43,1
"81",109,16,1
"81",109,23,1
"81",109,37,1
"81",109,40,1
"81",109,43,1
"82",109,37,1
"82",109,42,2
"83",109,27,1
"83",109,42,2
"84",109,14,1
"84",109,21,1
"84",109,25,1
"84",109,27,1
"85",109,20,1
"85",109,23,1
"85",109,30,1
"85",109,37,2
"85",109,39,1
"86",109,14,1
"86",109,37,1
"86",109,44,1
"87",109,18,1
"87",109,25,1
"87",109,36,1
"87",109,40,1
"88",109,14,1
"88",109,17,1
"88",109,20,1
"88",109,25,1
"88",109,28,1
"88",109,37,1
"88",109,40,1
"89",109,25,1
"89",109,40,1
"90",109,15,1
"90",109,25,2
"91",109,21,1
"91",109,37,1
"91",109,44,1
"92",109,30,1
"92",109,36,1
"92",109,37,2
"92",109,40,2
"79",110,14,2
"79",110,15,1
"79",110,44,1
"80",110,18,1
"80",110,20,1
"80",110,25,3
"80",110,30,1
"80",110,36,1
"80",110,37,1
"80",110,43,1
"80",110,44,1
"81",110,18,2
"81",110,22,1
"81",110,25,2
"81",110,36,1
"81",110,39,1
"81",110,40,1
"82",110,14,1
"82",110,23,1
"82",110,25,2
"82",110,28,1
"82",110,34,1
"82",110,35,1
"82",110,36,1
"82",110,40,1
"83",110,14,1
"83",110,16,1
"83",110,23,1
"83",110,25,1
"83",110,36,2
"83",110,40,1
"83",110,43,1
"84",110,14,1
"84",110,15,1
"84",110,16,1
"84",110,21,2
"84",110,23,1
"84",110,27,1
"84",110,30,1
"84",110,35,1
"84",110,36,1
"84",110,37,1
"84",110,43,1
"85",110,14,1
"85",110,20,1
"85",110,23,1
"85",110,25,3
"85",110,27,1
"85",110,36,1
"85",110,38,1
"85",110,39,1
"85",110,40,2
"86",110,14,1
"86",110,18,1
"86",110,20,3
"86",110,21,1
"86",110,22,1
"86",110,23,1
"86",110,25,4
"86",110,40,2
"86",110,43,1
"87",110,23,1
"87",110,25,2
"87",110,37,3
"87",110,39,1
"88",110,14,1
"88",110,16,1
"88",110,18,1
"88",110,22,1
"88",110,25,1
"88",110,37,2
"88",110,40,3
"89",110,15,1
"89",110,20,1
"89",110,25,3
"90",110,14,2
"90",110,15,1
"90",110,23,1
"91",110,16,1
"91",110,25,2
"91",110,40,1
"92",110,14,1
"92",110,15,1
"92",110,19,1
"92",110,20,1
"92",110,25,2
"92",110,36,1
"92",110,37,1
"92",110,44,1
"79",111,14,1
"79",111,18,1
"79",111,20,2
"79",111,25,6
"79",111,27,1
"79",111,34,1
"79",111,39,1
"80",111,14,1
"80",111,18,1
"80",111,21,1
"80",111,22,1
"80",111,23,1
"80",111,25,6
"80",111,27,2
"80",111,36,1
"80",111,43,1
"81",111,14,1
"81",111,15,1
"81",111,17,1
"81",111,18,1
"81",111,23,1
"81",111,25,2
"82",111,14,1
"82",111,15,1
"82",111,16,1
"82",111,17,1
"82",111,20,2
"82",111,21,1
"82",111,23,1
"82",111,25,2
"82",111,36,1
"82",111,39,1
"82",111,43,1
"83",111,14,1
"83",111,17,1
"83",111,20,1
"83",111,23,1
"83",111,25,7
"83",111,27,1
"83",111,36,1
"83",111,40,1
"84",111,14,1
"84",111,25,4
"84",111,37,1
"84",111,40,3
"85",111,14,3
"85",111,15,1
"85",111,18,2
"85",111,21,2
"85",111,23,1
"85",111,25,4
"85",111,27,1
"85",111,36,1
"85",111,37,1
"85",111,38,1
"85",111,40,1
"86",111,15,1
"86",111,18,2
"86",111,20,2
"86",111,21,1
"86",111,23,1
"86",111,25,6
"86",111,27,1
"86",111,37,2
"86",111,40,1
"86",111,42,1
"87",111,17,2
"87",111,18,2
"87",111,19,1
"87",111,20,4
"87",111,21,1
"87",111,24,1
"87",111,25,3
"87",111,34,1
"87",111,36,1
"87",111,42,1
"87",111,43,1
"88",111,18,1
"88",111,20,1
"88",111,21,1
"88",111,22,1
"88",111,23,1
"88",111,24,1
"88",111,25,2
"88",111,36,1
"88",111,40,1
"88",111,41,1
"89",111,14,1
"89",111,20,1
"89",111,21,2
"89",111,25,2
"89",111,37,1
"89",111,40,1
"90",111,14,2
"90",111,19,1
"90",111,22,1
"90",111,25,5
"90",111,39,1
"91",111,14,1
"91",111,17,2
"91",111,18,2
"91",111,19,1
"91",111,21,2
"91",111,23,1
"91",111,24,1
"91",111,25,2
"91",111,27,2
"91",111,37,1
"92",111,14,3
"92",111,18,2
"92",111,20,2
"92",111,23,1
"92",111,25,3
"92",111,35,1
"92",111,36,2
"92",111,37,1
"92",111,43,1
"79",112,14,2
"79",112,17,2
"79",112,18,2
"79",112,22,1
"79",112,23,2
"79",112,25,7
"79",112,27,1
"79",112,34,1
"79",112,36,2
"79",112,37,1
"79",112,39,2
"79",112,40,2
"79",112,41,1
"80",112,14,2
"80",112,17,1
"80",112,18,1
"80",112,20,2
"80",112,21,1
"80",112,23,4
"80",112,25,11
"80",112,34,2
"80",112,35,2
"80",112,36,1
"80",112,37,2
"81",112,14,5
"81",112,17,1
"81",112,18,4
"81",112,20,4
"91",213,43,1
"91",213,44,1
"92",213,14,2
"92",213,17,1
"92",213,20,4
"92",213,21,3
"92",213,22,1
"92",213,23,1
"92",213,24,1
"92",213,25,1
"92",213,27,1
"92",213,29,5
"92",213,32,2
"92",213,33,6
"92",213,37,1
"92",213,40,1
"92",213,43,1
"92",213,44,1
"79",214,14,4
"79",214,15,1
"79",214,18,3
"79",214,20,3
"79",214,21,1
"79",214,23,1
"79",214,25,11
"79",214,27,1
"79",214,28,1
"79",214,29,9
"79",214,31,1
"79",214,32,1
"79",214,33,2
"79",214,36,2
"79",214,37,1
"79",214,38,1
"79",214,40,1
"79",214,43,1
"80",214,15,2
"80",214,18,3
"80",214,20,2
"80",214,21,4
"80",214,23,2
"80",214,25,9
"80",214,27,1
"80",214,29,12
"80",214,30,1
"80",214,31,1
"80",214,32,4
"80",214,33,2
"80",214,35,1
"80",214,37,1
"80",214,40,3
"80",214,41,1
"80",214,42,1
"81",214,14,6
"81",214,15,1
"81",214,18,2
"81",214,20,2
"81",214,21,1
"81",214,22,1
"81",214,23,2
"81",214,25,9
"81",214,29,12
"81",214,31,1
"81",214,32,1
"81",214,33,4
"81",214,37,1
"81",214,40,1
"81",214,41,1
"81",214,43,1
"82",214,14,4
"82",214,18,5
"82",214,20,5
"82",214,21,5
"82",214,22,1
"82",214,23,2
"82",214,25,10
"82",214,27,1
"82",214,29,10
"82",214,30,1
"82",214,31,2
"82",214,32,5
"82",214,43,1
"83",214,14,7
"83",214,17,1
"83",214,18,2
"83",214,20,3
"83",214,21,2
"83",214,22,1
"83",214,23,4
"83",214,24,1
"83",214,25,9
"83",214,27,1
"83",214,29,10
"83",214,31,2
"83",214,33,2
"83",214,37,1
"84",214,14,6
"84",214,15,1
"84",214,16,1
"84",214,17,2
"84",214,18,1
"84",214,20,3
"84",214,21,1
"84",214,22,1
"84",214,23,1
"84",214,24,1
"82",216,23,3
"82",216,25,13
"82",216,29,11
"82",216,31,5
"82",216,32,4
"82",216,33,5
"82",216,35,2
"82",216,36,1
"82",216,37,2
"82",216,38,1
"82",216,40,4
"82",216,41,2
"82",216,42,2
"82",216,44,2
"83",216,14,5
"83",216,17,3
"83",216,18,4
"83",216,20,6
"83",216,21,3
"83",216,23,6
"83",216,25,13
"83",216,29,15
"83",216,31,3
"83",216,33,4
"83",216,36,3
"83",216,37,1
"83",216,40,3
"83",216,41,1
"83",216,43,1
"84",216,14,9
"84",216,17,4
"84",216,18,3
"84",216,20,8
"84",216,21,1
"84",216,22,1
"84",216,23,5
"84",216,24,1
"84",216,25,11
"84",216,29,15
"84",216,30,2
"84",216,31,4
"84",216,32,1
"84",216,33,3
"84",216,35,1
"84",216,37,1
"84",216,39,1
"84",216,41,2
"84",216,43,1
"85",216,14,10
"85",216,15,2
"85",216,17,4
"85",216,18,6
"85",216,20,5
"85",216,21,1
"85",216,22,4
"85",216,23,4
"85",216,25,17
"82",218,25,5
"82",218,29,11
"82",218,30,4
"82",218,31,3
"82",218,33,4
"82",218,36,1
"82",218,38,1
"82",218,41,1
"82",218,42,1
"83",218,14,7
"83",218,17,4
"83",218,18,6
"83",218,20,7
"83",218,21,5
"83",218,23,5
"83",218,25,4
"83",218,29,4
"83",218,31,5
"83",218,33,3
"83",218,35,1
"83",218,36,1
"83",218,37,1
"83",218,41,2
"83",218,43,2
"83",218,44,1
"84",218,14,9
"84",218,15,1
"84",218,17,1
"84",218,18,9
"84",218,20,8
"84",218,21,3
"84",218,22,2
"84",218,23,2
"84",218,24,1
"84",218,25,3
"84",218,29,5
"84",218,31,1
"84",218,33,1
"84",218,35,2
"84",218,40,1
"84",218,43,1
"84",218,44,2
"85",218,14,11
"85",218,17,2
"85",218,18,3
"85",218,20,10
"85",218,21,6
"85",218,23,4
"85",218,25,9
"85",218,29,12
"85",218,31,2
"85",218,32,3
"85",218,33,4
"85",218,35,2
"85",218,41,1
"81",112,22,1
"81",112,25,7
"81",112,34,1
"81",112,37,2
"81",112,40,3
"81",112,42,1
"82",112,14,2
"82",112,17,3
"82",112,18,1
"82",112,19,1
"82",112,20,5
"82",112,25,12
"82",112,27,2
"82",112,35,1
"82",112,37,2
"82",112,38,1
"82",112,42,1
"82",112,43,1
"83",112,14,4
"83",112,17,2
"83",112,18,2
"83",112,20,4
"83",112,21,1
"83",112,23,1
"83",112,25,9
"83",112,37,3
"83",112,40,1
"83",112,42,1
"84",112,14,2
"84",112,18,1
"84",112,19,1
"84",112,20,4
"84",112,23,1
"84",112,25,9
"84",112,27,1
"84",112,28,1
"84",112,34,1
"84",112,35,1
"84",112,36,1
"84",112,37,6
"84",112,43,2
"85",112,14,1
"85",112,15,1
"85",112,18,1
"85",112,20,1
"85",112,21,2
"85",112,25,6
"85",112,30,1
"85",112,35,1
"85",112,36,1
"85",112,37,1
"85",112,40,2
"85",112,42,1
"86",112,14,3
"86",112,15,1
"86",112,17,2
"86",112,18,1
"86",112,20,2
"86",112,21,1
"86",112,22,2
"86",112,23,2
"86",112,24,1
"86",112,25,8
"86",112,27,1
"86",112,34,1
"86",112,35,2
"86",112,36,1
"86",112,37,1
"86",112,40,3
"87",112,14,2
"87",112,16,1
"87",112,17,1
"87",112,18,3
"87",112,20,3
"87",112,22,1
"87",112,25,4
"87",112,36,1
"87",112,37,5
"87",112,40,2
"87",112,43,2
"88",112,14,2
"88",112,15,1
"88",112,17,1
"88",112,18,3
"88",112,20,1
"88",112,21,3
"88",112,23,1
"88",112,25,12
"88",112,27,1
"88",112,34,1
"88",112,35,1
"88",112,36,1
"88",112,37,1
"88",112,40,1
"88",112,42,1
"88",112,43,1
"89",112,14,5
"89",112,15,2
"89",112,16,1
"89",112,18,1
"89",112,20,2
"89",112,22,2
"89",112,23,1
"89",112,25,8
"89",112,37,3
"89",112,41,1
"89",112,42,1
"89",112,43,1
"90",112,14,2
"90",112,15,1
"90",112,16,1
"90",112,17,3
"90",112,18,3
"90",112,21,2
"90",112,23,2
"90",112,25,12
"90",112,27,1
"90",112,34,1
"90",112,35,2
"90",112,40,1
"90",112,41,2
"91",112,14,3
"91",112,17,1
"91",112,20,1
"91",112,21,2
"91",112,23,3
"91",112,24,1
"91",112,25,9
"91",112,34,2
"91",112,40,2
"91",112,41,2
"91",112,42,1
"92",112,14,2
"92",112,20,2
"92",112,21,1
"92",112,22,1
"92",112,23,1
"92",112,25,5
"92",112,27,2
"92",112,35,1
"92",112,37,1
"92",112,39,1
"79",113,14,5
"79",113,15,1
"79",113,17,3
"79",113,18,5
"79",113,20,3
"79",113,23,3
"79",113,25,16
"79",113,28,1
"79",113,34,1
"79",113,36,2
"79",113,37,1
"79",113,40,1
"79",113,42,1
"79",113,43,2
"80",113,14,1
"80",113,16,1
"80",113,17,2
"80",113,18,1
"80",113,20,4
"80",113,21,7
"80",113,22,2
"80",113,23,4
"80",113,25,23
"80",113,27,2
"80",113,34,1
"80",113,35,1
"80",113,36,1
"80",113,37,2
"80",113,40,1
"80",113,42,1
"80",113,43,2
"81",113,14,10
"81",113,17,2
"81",113,18,5
"81",113,21,2
"81",113,22,2
"81",113,23,1
"81",113,25,20
"81",113,30,1
"81",113,34,1
"81",113,35,2
"81",113,36,1
"81",113,37,2
"81",113,38,1
"81",113,41,1
"81",113,43,1
"81",113,44,1
"82",113,14,6
"82",113,17,4
"82",113,18,4
"82",113,20,5
"82",113,21,3
"82",113,22,1
"82",113,23,2
"82",113,25,16
"82",113,34,3
"82",113,41,1
"82",113,42,1
"82",113,43,1
"83",113,14,5
"83",113,15,1
"83",113,17,3
"83",113,18,5
"83",113,20,3
"83",113,21,1
"83",113,22,3
"83",113,25,19
"91",212,14,2
"91",212,16,1
"91",212,20,1
"91",212,22,1
"91",212,23,1
"91",212,25,4
"91",212,29,14
"91",212,31,2
"91",212,32,1
"91",212,33,4
"91",212,35,1
"91",212,36,1
"91",212,37,2
"91",212,40,1
"91",212,41,1
"92",212,14,3
"92",212,17,1
"92",212,18,1
"92",212,20,2
"92",212,21,1
"92",212,23,1
"92",212,25,3
"92",212,27,1
"92",212,29,15
"92",212,32,3
"92",212,33,2
"92",212,40,2
"92",212,41,1
"92",212,43,1
"79",213,14,6
"79",213,17,2
"79",213,20,3
"79",213,21,1
"79",213,25,6
"79",213,29,8
"79",213,31,1
"79",213,33,2
"79",213,35,1
"79",213,37,2
"79",213,43,1
"80",213,14,2
"80",213,15,1
"80",213,17,1
"80",213,18,2
"80",213,20,2
"80",213,21,3
"80",213,23,1
"80",213,25,16
"80",213,29,15
"80",213,32,6
"80",213,33,6
"80",213,37,1
"80",213,42,1
"80",213,43,2
"81",213,14,5
"81",213,15,1
"81",213,17,1
"81",213,21,2
"81",213,23,2
"81",213,25,7
"81",213,27,2
"81",213,29,16
"81",213,31,2
"81",213,32,1
"81",213,38,1
"81",213,39,1
"81",213,40,2
"81",213,41,1
"81",213,44,1
"82",213,14,2
"82",213,15,1
"82",213,17,2
"82",213,18,2
"82",213,19,1
"82",213,20,3
"82",213,23,1
"82",213,25,6
"82",213,27,1
"82",213,29,12
"82",213,31,3
"82",213,32,4
"82",213,33,5
"82",213,36,2
"82",213,41,1
"82",213,43,1
"82",213,44,1
"83",213,14,3
"83",213,18,3
"83",213,20,2
"83",213,21,2
"83",213,23,1
"83",213,25,7
"83",213,27,1
"83",213,28,1
"83",213,29,13
"83",213,31,3
"83",213,32,5
"83",213,33,8
"83",213,35,1
"83",213,36,1
"83",213,37,1
"84",213,14,1
"84",213,16,1
"84",213,18,1
"84",213,20,3
"84",213,21,1
"84",213,23,2
"84",213,25,10
"84",213,29,14
"84",213,31,1
"84",213,32,5
"84",213,33,6
"84",213,36,2
"84",213,37,2
"84",213,40,1
"84",213,43,2
"85",213,14,3
"85",213,19,1
"85",213,20,1
"85",213,21,1
"85",213,22,2
"85",213,25,9
"85",213,29,15
"85",213,32,1
"85",213,33,1
"85",213,36,1
"85",213,37,1
"85",213,39,1
"85",213,41,1
"85",213,44,2
"86",213,14,2
"86",213,17,1
"86",213,18,1
"86",213,20,1
"86",213,21,1
"86",213,25,8
"86",213,29,13
"86",213,31,1
"86",213,32,3
"86",213,33,7
"86",213,35,3
"86",213,37,2
"86",213,41,2
"87",213,14,2
"87",213,17,1
"87",213,20,6
"87",213,21,1
"87",213,23,1
"87",213,25,2
"87",213,29,10
"87",213,31,4
"87",213,32,1
"87",213,33,7
"87",213,37,2
"87",213,41,1
"87",213,44,2
"88",213,14,8
"88",213,15,2
"88",213,16,1
"88",213,18,1
"88",213,20,6
"88",213,21,2
"88",213,22,2
"88",213,23,3
"88",213,25,6
"88",213,29,13
"88",213,30,1
"88",213,31,1
"88",213,32,2
"88",213,33,4
"88",213,37,1
"88",213,42,1
"89",213,14,3
"89",213,15,1
"89",213,17,1
"89",213,18,1
"89",213,20,5
"89",213,21,1
"89",213,23,1
"89",213,24,1
"89",213,25,5
"89",213,27,1
"89",213,29,15
"89",213,32,1
"89",213,33,5
"89",213,35,4
"89",213,37,1
"89",213,41,2
"89",213,42,1
"90",213,14,2
"90",213,15,1
"90",213,16,1
"90",213,18,1
"90",213,20,5
"90",213,21,2
"90",213,23,2
"90",213,24,1
"90",213,25,5
"90",213,29,8
"90",213,31,3
"90",213,33,6
"90",213,37,4
"90",213,40,1
"90",213,44,1
"91",213,14,8
"91",213,20,5
"91",213,22,2
"91",213,23,2
"91",213,25,4
"91",213,29,12
"91",213,31,2
"91",213,33,5
"91",213,40,2
"91",213,41,1
"84",214,25,17
"84",214,27,1
"84",214,28,1
"84",214,29,8
"84",214,31,2
"84",214,32,3
"84",214,33,4
"84",214,35,2
"84",214,37,1
"84",214,38,1
"84",214,40,1
"84",214,44,1
"85",214,14,6
"85",214,15,1
"85",214,17,1
"85",214,20,9
"85",214,21,3
"85",214,22,2
"85",214,23,3
"85",214,24,1
"85",214,25,12
"85",214,29,15
"85",214,31,1
"85",214,32,2
"85",214,33,3
"85",214,41,1
"86",214,14,4
"86",214,15,3
"86",214,18,1
"86",214,20,7
"86",214,21,2
"86",214,22,1
"86",214,23,1
"86",214,25,7
"86",214,29,22
"86",214,31,1
"86",214,32,2
"86",214,33,6
"86",214,36,1
"86",214,37,2
"86",214,40,1
"86",214,41,1
"86",214,43,2
"86",214,44,1
"87",214,14,4
"87",214,15,2
"87",214,16,1
"87",214,17,1
"87",214,18,4
"87",214,20,4
"87",214,21,1
"87",214,22,1
"87",214,23,2
"87",214,25,12
"87",214,29,7
"87",214,31,1
"87",214,32,4
"87",214,33,5
"87",214,35,2
"87",214,36,2
"87",214,37,3
"87",214,40,2
"87",214,41,1
"87",214,43,1
"88",214,14,5
"88",214,18,2
"88",214,20,7
"88",214,21,3
"88",214,22,1
"88",214,23,2
"88",214,24,1
"88",214,25,8
"88",214,29,12
"88",214,31,1
"88",214,32,2
"88",214,33,6
"88",214,37,3
"88",214,43,2
"89",214,14,4
"89",214,17,2
"89",214,18,2
"89",214,20,3
"89",214,23,4
"89",214,25,17
"89",214,29,18
"89",214,33,7
"89",214,36,1
"89",214,40,3
"89",214,41,1
"89",214,43,2
"90",214,14,4
"90",214,15,1
"90",214,17,2
"90",214,18,3
"90",214,20,7
"90",214,21,4
"90",214,22,3
"90",214,23,2
"90",214,25,12
"90",214,29,12
"90",214,30,2
"90",214,32,1
"90",214,33,11
"90",214,37,4
"90",214,39,1
"90",214,40,1
"90",214,41,1
"90",214,42,1
"90",214,44,1
"91",214,14,1
"91",214,17,3
"91",214,18,2
"91",214,20,3
"91",214,21,3
"91",214,22,2
"91",214,23,3
"91",214,25,11
"91",214,27,1
"91",214,29,13
"91",214,32,1
"91",214,33,5
"91",214,35,1
"91",214,37,1
"91",214,40,1
"91",214,41,1
"91",214,44,1
"92",214,14,9
"92",214,18,1
"92",214,20,6
"92",214,21,3
"92",214,22,1
"92",214,23,1
"92",214,25,12
"92",214,29,8
"92",214,31,3
"92",214,33,2
"92",214,35,1
"92",214,36,1
"92",214,40,1
"92",214,43,2
"79",215,14,6
"79",215,15,1
"79",215,16,1
"79",215,18,8
"79",215,20,9
"79",215,21,3
"79",215,22,3
"79",215,23,6
"79",215,25,7
"79",215,29,16
"79",215,31,4
"79",215,33,6
"79",215,39,1
"79",215,40,3
"79",215,41,3
"79",215,43,2
"80",215,14,3
"80",215,15,1
"80",215,17,3
"80",215,19,1
"80",215,20,4
"80",215,22,3
"80",215,23,4
"80",215,25,12
"80",215,27,1
"80",215,29,11
"80",215,30,1
"80",215,31,1
"80",215,32,3
"80",215,33,3
"80",215,36,2
"80",215,42,1
"80",215,43,2
"81",215,14,5
"81",215,18,3
"81",215,20,5
"81",215,21,2
"81",215,22,1
"81",215,23,2
"81",215,25,9
"81",215,29,16
"81",215,31,5
"81",215,32,3
"81",215,33,7
"81",215,35,2
"81",215,37,2
"81",215,38,1
"81",215,39,1
"81",215,40,2
"81",215,41,3
"81",215,43,1
"82",215,14,11
"82",215,17,1
"82",215,18,2
"82",215,19,1
"82",215,20,8
"82",215,21,1
"82",215,22,2
"82",215,23,3
"82",215,24,2
"82",215,25,23
"82",215,27,1
"82",215,29,9
"82",215,30,1
"82",215,31,3
"82",215,32,2
"82",215,33,2
"82",215,36,2
"82",215,37,1
"82",215,44,2
"83",215,14,2
"83",215,15,2
"83",215,17,1
"83",215,18,2
"83",215,20,6
"83",215,21,3
"83",215,22,1
"83",215,25,11
"83",215,29,11
"83",215,30,1
"83",215,31,3
"83",215,32,2
"83",215,33,5
"83",215,36,2
"83",215,40,2
"83",215,43,1
"84",215,14,6
"84",215,15,1
"84",215,18,1
"84",215,20,10
"84",215,21,2
"84",215,23,4
"84",215,24,1
"84",215,25,11
"84",215,29,15
"84",215,30,1
"84",215,31,1
"84",215,32,2
"84",215,33,4
"84",215,35,1
"84",215,37,1
"84",215,41,1
"85",215,14,7
"85",215,18,3
"85",215,20,3
"85",215,21,6
"85",215,22,1
"85",215,23,2
"85",215,25,8
"85",215,29,15
"85",215,31,1
"85",215,32,4
"85",215,33,4
"85",215,35,1
"85",215,36,3
"85",215,37,2
"85",215,40,1
"85",215,41,1
"85",215,42,3
"85",215,43,2
"86",215,14,7
"86",215,18,1
"86",215,20,4
"86",215,21,2
"86",215,23,1
"86",215,25,11
"86",215,27,1
"86",215,29,16
"86",215,30,1
"86",215,31,3
"86",215,32,5
"86",215,33,3
"86",215,35,1
"86",215,40,1
"86",215,41,2
"86",215,42,1
"86",215,43,1
"86",215,44,1
"87",215,14,4
"87",215,17,2
"87",215,18,2
"87",215,20,6
"87",215,22,1
"87",215,23,4
"87",215,25,15
"87",215,29,11
"87",215,31,2
"87",215,32,1
"87",215,33,4
"87",215,35,1
"87",215,36,2
"87",215,40,1
"87",215,41,3
"87",215,42,1
"88",215,14,2
"88",215,15,1
"88",215,16,1
"88",215,17,2
"88",215,18,4
"88",215,20,7
"88",215,21,5
"88",215,22,1
"88",215,23,4
"88",215,25,18
"88",215,29,8
"88",215,30,1
"88",215,31,1
"88",215,32,2
"88",215,33,8
"88",215,36,4
"88",215,37,2
"88",215,41,1
"88",215,43,1
"88",215,44,1
"89",215,14,8
"89",215,15,3
"89",215,17,3
"89",215,18,1
"89",215,20,6
"89",215,21,1
"89",215,23,1
"89",215,25,14
"89",215,28,2
"89",215,29,17
"89",215,31,1
"89",215,32,1
"89",215,33,6
"89",215,36,1
"89",215,37,3
"89",215,39,1
"89",215,40,1
"89",215,41,1
"89",215,43,1
"89",215,44,1
"90",215,14,5
"90",215,17,3
"90",215,18,1
"90",215,20,8
"90",215,21,3
"90",215,22,2
"90",215,23,5
"90",215,25,23
"90",215,29,20
"90",215,30,1
"90",215,31,6
"90",215,32,2
"90",215,33,9
"90",215,35,1
"90",215,36,1
"90",215,37,2
"90",215,40,4
"90",215,43,1
"91",215,14,7
"91",215,17,1
"91",215,18,4
"91",215,20,8
"91",215,21,4
"91",215,22,2
"91",215,23,2
"91",215,25,19
"91",215,29,11
"91",215,31,1
"91",215,32,2
"91",215,33,6
"91",215,37,1
"91",215,39,1
"91",215,40,2
"91",215,41,1
"91",215,43,2
"91",215,44,1
"92",215,14,5
"92",215,18,1
"92",215,20,5
"92",215,21,1
"92",215,22,1
"92",215,23,4
"92",215,25,11
"92",215,29,15
"92",215,31,1
"92",215,32,4
"92",215,33,4
"92",215,36,3
"92",215,37,4
"92",215,40,4
"92",215,41,1
"92",215,44,2
"79",216,14,8
"79",216,17,3
"79",216,18,12
"79",216,19,1
"79",216,20,11
"79",216,21,3
"79",216,22,3
"79",216,23,8
"79",216,25,7
"79",216,27,2
"79",216,29,13
"79",216,31,4
"79",216,33,4
"79",216,35,1
"79",216,36,2
"79",216,37,1
"79",216,40,1
"79",216,41,3
"79",216,44,1
"80",216,14,2
"80",216,17,4
"80",216,18,6
"80",216,20,6
"80",216,21,3
"80",216,22,1
"80",216,23,3
"80",216,25,8
"80",216,29,11
"80",216,30,1
"80",216,31,5
"80",216,32,2
"80",216,33,2
"80",216,36,1
"80",216,41,1
"80",216,44,1
"81",216,14,11
"81",216,16,1
"81",216,17,1
"81",216,18,6
"81",216,20,4
"81",216,21,1
"81",216,22,2
"81",216,23,7
"81",216,25,12
"81",216,27,1
"81",216,29,9
"81",216,30,1
"81",216,31,4
"81",216,32,1
"81",216,33,1
"81",216,35,3
"81",216,36,2
"81",216,37,1
"81",216,38,1
"81",216,40,1
"81",216,41,1
"82",216,14,11
"82",216,16,1
"82",216,17,3
"82",216,18,3
"82",216,19,1
"82",216,20,5
"82",216,22,2
"85",216,27,1
"85",216,29,20
"85",216,31,3
"85",216,33,5
"85",216,35,5
"85",216,36,5
"85",216,37,1
"85",216,40,1
"85",216,41,1
"85",216,42,1
"85",216,43,1
"85",216,44,2
"86",216,14,10
"86",216,15,1
"86",216,16,2
"86",216,17,1
"86",216,20,6
"86",216,21,5
"86",216,22,1
"86",216,23,4
"86",216,25,14
"86",216,29,15
"86",216,31,1
"86",216,32,2
"86",216,33,6
"86",216,35,1
"86",216,36,1
"86",216,37,2
"86",216,40,3
"86",216,41,2
"87",216,14,6
"87",216,15,1
"87",216,18,3
"87",216,19,1
"87",216,20,7
"87",216,21,2
"87",216,22,2
"87",216,23,2
"87",216,25,11
"87",216,29,10
"87",216,31,1
"87",216,32,2
"87",216,33,7
"87",216,35,2
"87",216,36,2
"87",216,37,2
"87",216,40,1
"87",216,41,1
"87",216,42,1
"87",216,43,4
"87",216,44,2
"88",216,14,13
"88",216,17,2
"88",216,18,6
"88",216,20,9
"88",216,21,4
"88",216,23,6
"88",216,25,11
"88",216,27,2
"88",216,29,8
"88",216,31,2
"88",216,32,2
"88",216,33,3
"88",216,35,1
"88",216,40,2
"88",216,41,3
"88",216,42,2
"88",216,44,1
"89",216,14,4
"89",216,15,3
"89",216,18,5
"89",216,20,11
"89",216,21,2
"89",216,22,1
"89",216,23,5
"89",216,25,12
"89",216,27,1
"89",216,29,9
"89",216,30,1
"89",216,31,1
"89",216,33,4
"89",216,35,2
"89",216,40,2
"89",216,41,1
"89",216,44,1
"90",216,14,2
"90",216,16,1
"90",216,17,4
"90",216,18,3
"90",216,20,7
"90",216,23,6
"90",216,25,18
"90",216,29,18
"90",216,30,2
"90",216,32,1
"90",216,33,2
"90",216,35,3
"90",216,36,1
"90",216,37,2
"90",216,40,7
"90",216,41,4
"90",216,43,2
"91",216,14,11
"91",216,15,1
"91",216,17,4
"91",216,18,3
"91",216,19,1
"91",216,20,7
"91",216,21,4
"91",216,23,7
"91",216,25,14
"91",216,29,9
"91",216,31,4
"91",216,32,1
"91",216,33,4
"91",216,35,2
"91",216,36,1
"91",216,37,3
"91",216,41,2
"91",216,42,1
"91",216,43,1
"92",216,14,7
"92",216,17,1
"92",216,18,2
"92",216,20,11
"92",216,21,2
"92",216,22,2
"92",216,23,7
"92",216,25,17
"92",216,29,14
"92",216,31,3
"92",216,32,3
"92",216,33,7
"92",216,35,3
"92",216,36,2
"92",216,40,3
"92",216,41,2
"92",216,42,2
"92",216,43,1
"92",216,44,3
"79",217,14,1
"79",217,17,1
"79",217,18,6
"79",217,20,10
"79",217,21,2
"79",217,23,2
"79",217,25,4
"79",217,28,1
"79",217,29,10
"79",217,31,1
"79",217,32,2
"79",217,33,4
"79",217,35,1
"79",217,36,1
"79",217,40,1
"79",217,41,3
"79",217,42,2
"79",217,43,1
"80",217,14,2
"80",217,17,1
"80",217,18,6
"80",217,20,10
"80",217,21,3
"80",217,23,2
"80",217,25,9
"80",217,29,9
"80",217,30,1
"80",217,32,2
"80",217,33,5
"80",217,37,1
"80",217,38,1
"80",217,39,1
"80",217,40,1
"80",217,42,1
"80",217,43,1
"80",217,44,1
"81",217,14,3
"81",217,17,2
"81",217,18,11
"81",217,20,4
"81",217,21,5
"81",217,22,2
"81",217,23,5
"81",217,25,9
"81",217,29,9
"81",217,30,1
"81",217,31,2
"81",217,32,1
"81",217,33,6
"81",217,37,1
"81",217,41,2
"81",217,42,1
"81",217,43,4
"82",217,14,4
"82",217,15,1
"82",217,18,8
"82",217,20,4
"82",217,21,3
"82",217,22,1
"82",217,23,3
"82",217,25,8
"82",217,28,1
"82",217,29,16
"82",217,31,2
"82",217,32,2
"82",217,33,5
"82",217,35,1
"82",217,36,1
"82",217,40,2
"82",217,41,2
"82",217,42,1
"82",217,43,1
"83",217,14,4
"83",217,15,3
"83",217,16,1
"83",217,17,2
"83",217,18,8
"83",217,20,8
"83",217,21,4
"83",217,23,8
"83",217,25,8
"83",217,29,10
"83",217,31,1
"83",217,33,4
"83",217,36,1
"83",217,37,1
"83",217,40,3
"83",217,41,3
"83",217,42,2
"83",217,43,1
"83",217,44,2
"84",217,14,10
"84",217,17,4
"84",217,18,10
"84",217,20,6
"84",217,21,5
"84",217,22,3
"84",217,23,7
"84",217,25,13
"84",217,29,10
"84",217,30,3
"84",217,31,4
"84",217,32,1
"84",217,35,1
"84",217,40,2
"84",217,41,1
"84",217,42,1
"84",217,43,2
"84",217,44,4
"85",217,14,8
"85",217,17,3
"85",217,18,4
"85",217,20,7
"85",217,21,3
"85",217,23,2
"85",217,25,12
"85",217,28,2
"85",217,29,15
"85",217,30,2
"85",217,31,1
"85",217,32,1
"85",217,33,5
"85",217,35,1
"85",217,36,2
"85",217,37,1
"85",217,39,1
"85",217,40,2
"85",217,41,1
"85",217,43,2
"86",217,14,10
"86",217,15,1
"86",217,16,2
"86",217,17,1
"86",217,18,6
"86",217,20,11
"86",217,21,4
"86",217,22,1
"86",217,23,3
"86",217,24,1
"86",217,25,16
"86",217,29,15
"86",217,30,1
"86",217,31,3
"86",217,32,1
"86",217,33,2
"86",217,35,2
"86",217,38,1
"86",217,39,1
"86",217,40,2
"86",217,41,4
"86",217,42,4
"87",217,14,8
"87",217,16,1
"87",217,17,2
"87",217,18,6
"87",217,20,10
"87",217,21,1
"87",217,22,1
"87",217,23,5
"87",217,25,18
"87",217,28,1
"87",217,29,13
"87",217,31,1
"87",217,33,3
"87",217,40,3
"87",217,41,2
"87",217,42,2
"87",217,43,1
"88",217,14,3
"88",217,15,2
"88",217,16,2
"88",217,17,2
"88",217,18,5
"88",217,20,10
"88",217,21,2
"88",217,23,1
"88",217,25,14
"88",217,29,13
"88",217,31,3
"88",217,32,3
"88",217,33,5
"88",217,37,1
"88",217,38,1
"88",217,39,1
"88",217,40,4
"88",217,41,1
"88",217,42,2
"88",217,43,1
"88",217,44,1
"89",217,14,12
"89",217,15,1
"89",217,17,10
"89",217,18,7
"89",217,20,6
"89",217,21,2
"89",217,22,2
"89",217,23,2
"89",217,24,1
"89",217,25,16
"89",217,29,17
"89",217,30,1
"89",217,31,5
"89",217,32,3
"89",217,33,5
"89",217,36,1
"89",217,39,1
"89",217,40,2
"89",217,41,1
"89",217,43,2
"90",217,14,6
"90",217,17,7
"90",217,18,6
"90",217,20,13
"90",217,21,4
"90",217,22,8
"90",217,23,6
"90",217,24,1
"90",217,25,21
"90",217,29,11
"90",217,30,1
"90",217,31,1
"90",217,32,1
"90",217,33,8
"90",217,35,3
"90",217,36,2
"90",217,40,5
"90",217,41,1
"90",217,42,1
"90",217,43,1
"90",217,44,2
"91",217,14,9
"91",217,15,2
"91",217,16,1
"91",217,17,5
"91",217,18,3
"91",217,20,9
"91",217,21,2
"91",217,23,1
"91",217,25,16
"91",217,29,20
"91",217,30,2
"91",217,31,3
"91",217,33,4
"91",217,35,2
"91",217,40,3
"91",217,42,2
"91",217,44,3
"92",217,14,8
"92",217,17,4
"92",217,18,2
"92",217,20,7
"92",217,21,4
"92",217,23,4
"92",217,24,1
"92",217,25,15
"92",217,28,1
"92",217,29,12
"92",217,30,1
"92",217,33,4
"92",217,35,3
"92",217,37,1
"92",217,40,4
"92",217,42,1
"92",217,43,1
"92",217,44,1
"79",218,14,2
"79",218,17,1
"79",218,18,6
"79",218,20,5
"79",218,21,7
"79",218,22,1
"79",218,23,2
"79",218,25,1
"79",218,28,1
"79",218,29,11
"79",218,30,2
"79",218,31,2
"79",218,32,2
"79",218,33,1
"79",218,35,2
"79",218,36,1
"79",218,41,1
"79",218,43,2
"79",218,44,1
"80",218,14,2
"80",218,16,1
"80",218,17,4
"80",218,18,4
"80",218,20,6
"80",218,21,2
"80",218,22,1
"80",218,23,4
"80",218,24,1
"80",218,25,4
"80",218,28,1
"80",218,29,6
"80",218,30,1
"80",218,31,1
"80",218,33,2
"80",218,35,4
"80",218,38,1
"80",218,42,2
"81",218,14,7
"81",218,15,2
"81",218,17,1
"81",218,18,5
"81",218,20,10
"81",218,21,1
"81",218,22,3
"81",218,23,1
"81",218,25,4
"81",218,29,8
"81",218,30,1
"81",218,31,1
"81",218,33,3
"81",218,35,1
"81",218,36,2
"81",218,43,3
"81",218,44,1
"82",218,14,3
"82",218,20,3
"82",218,21,4
"82",218,22,1
"82",218,23,2
"85",218,42,3
"85",218,43,1
"86",218,14,4
"86",218,15,1
"86",218,18,4
"86",218,19,1
"86",218,20,11
"86",218,21,3
"86",218,23,2
"86",218,25,4
"86",218,27,1
"86",218,29,5
"86",218,33,1
"86",218,35,2
"86",218,40,2
"86",218,43,1
"86",218,44,5
"87",218,14,2
"87",218,17,2
"87",218,18,4
"87",218,20,12
"87",218,21,4
"87",218,22,2
"87",218,23,3
"87",218,25,6
"87",218,28,1
"87",218,29,7
"87",218,30,1
"87",218,32,1
"87",218,33,5
"87",218,35,1
"87",218,36,1
"87",218,40,2
"87",218,41,3
"87",218,43,1
"87",218,44,1
"88",218,14,8
"88",218,15,2
"88",218,16,1
"88",218,17,3
"88",218,18,4
"88",218,20,9
"88",218,21,5
"88",218,22,2
"88",218,23,3
"88",218,24,1
"88",218,25,7
"88",218,27,1
"88",218,29,24
"88",218,30,2
"88",218,31,2
"88",218,33,3
"88",218,35,5
"88",218,36,1
"88",218,40,2
"88",218,41,2
"88",218,42,1
"88",218,44,1
"89",218,14,13
"89",218,15,1
"89",218,16,3
"89",218,17,5
"89",218,18,11
"89",218,20,6
"89",218,21,2
"89",218,23,5
"89",218,24,2
"89",218,25,10
"89",218,27,2
"89",218,29,12
"89",218,30,3
"89",218,32,3
"89",218,33,3
"89",218,35,1
"89",218,36,2
"89",218,39,1
"89",218,40,1
"89",218,41,1
"89",218,42,2
"89",218,44,1
"90",218,14,9
"90",218,16,1
"90",218,17,3
"90",218,18,5
"90",218,20,13
"90",218,21,2
"90",218,22,2
"90",218,25,7
"90",218,27,2
"90",218,29,13
"90",218,31,4
"90",218,32,4
"90",218,33,7
"90",218,35,6
"90",218,36,1
"90",218,40,1
"90",218,41,3
"90",218,43,1
"90",218,44,1
"91",218,14,12
"91",218,17,1
"91",218,18,2
"91",218,19,1
"91",218,20,14
"91",218,21,3
"91",218,22,2
"91",218,23,7
"91",218,25,12
"91",218,29,17
"91",218,30,1
"91",218,31,2
"91",218,32,1
"91",218,33,1
"91",218,35,1
"91",218,36,2
"91",218,40,5
"91",218,41,3
"91",218,42,1
"91",218,44,2
"92",218,14,12
"92",218,16,1
"92",218,17,4
"92",218,18,7
"92",218,20,9
"92",218,21,5
"92",218,22,2
"92",218,23,1
"92",218,24,1
"92",218,25,13
"92",218,27,1
"92",218,29,11
"92",218,30,4
"92",218,32,1
"92",218,33,7
"92",218,35,3
"92",218,40,2
"92",218,42,1
"92",218,43,1
"92",218,44,2
"79",219,16,1
"79",219,17,3
"79",219,18,2
"79",219,20,5
"79",219,21,4
"79",219,22,1
"79",219,23,3
"79",219,25,3
"79",219,29,6
"79",219,33,1
"79",219,35,1
"79",219,43,2
"80",219,14,1
"80",219,15,1
"80",219,17,2
"80",219,18,7
"80",219,20,5
"80",219,21,8
"80",219,22,4
"80",219,23,2
"80",219,25,4
"80",219,29,9
"80",219,35,1
"80",219,40,1
"81",219,14,5
"81",219,15,1
"81",219,17,1
"81",219,18,1
"81",219,20,9
"81",219,21,6
"81",219,23,2
"81",219,25,2
"81",219,29,10
"81",219,31,2
"81",219,33,3
"81",219,35,1
"81",219,40,1
"81",219,43,1
"82",219,14,5
"82",219,16,1
"82",219,17,3
"82",219,18,9
"82",219,19,2
"82",219,20,3
"82",219,21,2
"82",219,22,2
"82",219,23,1
"82",219,25,2
"82",219,29,14
"82",219,30,1
"82",219,31,1
"82",219,33,1
"82",219,43,2
"82",219,44,1
"83",219,14,1
"83",219,15,1
"83",219,16,1
"83",219,18,4
"83",219,20,6
"83",219,21,4
"83",219,22,1
"83",219,23,3
"83",219,25,5
"83",219,29,13
"83",219,31,3
"83",219,33,3
"83",219,35,1
"83",219,40,2
"83",219,41,1
"83",219,43,1
"84",219,14,8
"84",219,17,1
"84",219,18,3
"84",219,20,7
"84",219,21,4
"84",219,23,3
"84",219,25,5
"84",219,29,8
"84",219,30,2
"84",219,31,1
"84",219,33,6
"84",219,35,2
"84",219,36,1
"84",219,44,1
"85",219,14,2
"85",219,17,2
"85",219,18,3
"85",219,20,15
"85",219,21,1
"85",219,22,1
"85",219,23,3
"85",219,25,3
"85",219,27,1
"85",219,29,14
"85",219,30,1
"85",219,31,2
"85",219,32,1
"85",219,33,3
"85",219,35,2
"85",219,42,1
"85",219,43,1
"85",219,44,1
"86",219,14,8
"86",219,15,1
"86",219,17,3
"86",219,18,1
"86",219,19,1
"86",219,20,9
"86",219,21,4
"86",219,22,2
"86",219,23,3
"86",219,25,2
"86",219,29,11
"86",219,30,1
"86",219,31,2
"86",219,33,1
"86",219,35,1
"86",219,36,2
"86",219,39,1
"86",219,40,1
"86",219,41,2
"86",219,42,1
"86",219,44,1
"87",219,14,6
"87",219,15,3
"87",219,16,2
"87",219,17,2
"87",219,18,6
"87",219,20,12
"87",219,21,5
"87",219,22,3
"87",219,23,5
"87",219,25,5
"87",219,27,1
"87",219,28,1
"87",219,29,13
"87",219,30,1
"87",219,31,1
"87",219,35,2
"87",219,40,1
"87",219,41,4
"87",219,42,1
"87",219,43,1
"87",219,44,3
"88",219,14,6
"88",219,15,2
"88",219,16,1
"88",219,17,2
"88",219,18,3
"88",219,20,9
"88",219,21,3
"88",219,22,1
"88",219,23,4
"88",219,25,7
"88",219,28,1
"88",219,29,14
"88",219,30,2
"88",219,31,1
"88",219,32,2
"88",219,33,3
"88",219,35,1
"88",219,40,2
"88",219,42,1
"88",219,44,4
"89",219,14,6
"89",219,16,3
"89",219,17,1
"89",219,18,10
"89",219,20,12
"89",219,21,4
"89",219,23,3
"89",219,25,4
"89",219,27,1
"89",219,28,1
"89",219,29,17
"89",219,31,3
"89",219,32,2
"89",219,33,1
"89",219,36,2
"89",219,40,3
"89",219,41,4
"89",219,42,1
"89",219,43,2
"90",219,14,11
"90",219,16,1
"90",219,17,2
"90",219,18,5
"90",219,20,13
"90",219,21,2
"90",219,22,3
"90",219,23,3
"90",219,25,3
"90",219,27,1
"90",219,29,20
"90",219,30,2
"90",219,31,4
"90",219,33,1
"90",219,35,1
"90",219,36,1
"90",219,37,1
"90",219,40,1
"90",219,41,1
"90",219,44,1
"91",219,14,11
"91",219,15,2
"91",219,16,2
"91",219,18,7
"91",219,20,13
"91",219,21,2
"91",219,23,5
"91",219,25,8
"91",219,27,1
"91",219,29,18
"91",219,30,2
"91",219,31,3
"91",219,32,1
"91",219,33,3
"91",219,35,5
"91",219,40,3
"91",219,41,1
"91",219,42,1
"91",219,44,1
"92",219,14,12
"92",219,17,4
"92",219,18,4
"92",219,19,1
"92",219,20,5
"92",219,21,4
"92",219,22,2
"92",219,23,5
"92",219,25,6
"92",219,27,1
"92",219,29,15
"92",219,30,1
"92",219,31,2
"92",219,32,2
"92",219,33,3
"92",219,35,3
"92",219,36,1
"92",219,40,1
"92",219,41,1
"92",219,42,2
"92",219,43,1
"92",219,44,3
